<?xml version="1.0" encoding="UTF-8"?>
<includes>
	<include name="WidgetListCategoriesIcons">
		<param name="item_limit">20</param>
		<param name="icon">$INFO[ListItem.Icon]</param>
		<param name="icon_height">80</param>
		<param name="additional_movie_items">false</param>
		<param name="additional_tvshow_items">false</param>
		<param name="visible">true</param>
		<definition>
			<include content="CategoryLabel">
				<param name="label">$PARAM[widget_header]</param>
				<param name="list_id" value="$PARAM[list_id]"/>
				<param name="visible" value="$PARAM[visible] + !Control.HasFocus($PARAM[list_id])"/>
			</include>
			<include content="CategoryLabel">
				<param name="label">$PARAM[widget_header]: $INFO[Container($PARAM[list_id]).Listitem.Label]</param>
				<param name="list_id" value="$PARAM[list_id]"/>
				<param name="visible" value="$PARAM[visible] + Control.HasFocus($PARAM[list_id])"/>
			</include>
			<include content="BusyListSpinner">
				<param name="list_id" value="$PARAM[list_id]"/>
				<param name="visible" value="$PARAM[visible]"/>
			</include>
			<control type="panel" id="$PARAM[list_id]">
				<left></left>
				<top>110</top>
				<right>0</right>
				<height>180</height>
				<include content="WidgetListCommon">
					<param name="list_id" value="$PARAM[list_id]"/>
				</include>
				<visible>$PARAM[visible]</visible>
				<visible>Integer.IsGreater(Container($PARAM[list_id]).NumItems,0) | Container($PARAM[list_id]).IsUpdating</visible>
				<itemlayout width="95" height="115">
					<control type="group">
						<left>90</left>
						<top>10</top>
						<control type="image">
							<width>80</width>
							<height>80</height>
							<texture>dialogs/dialog-bg-nobo.png</texture>
							<bordertexture border="21">overlays/shadow.png</bordertexture>
						</control>
						<control type="image">
							<width>80</width>
							<height>$PARAM[icon_height]</height>
							<texture fallback="DefaultFolder.png">$PARAM[icon]</texture>
							<aspectratio>keep</aspectratio>
						</control>
					</control>
				</itemlayout>
				<focusedlayout width="80" height="115">
					<control type="group">
						<depth>DepthContentPopout</depth>
						<left>90</left>
						<top>10</top>
						<control type="image">
							<width>80</width>
							<height>80</height>
							<texture>dialogs/dialog-bg-nobo.png</texture>
							<bordertexture border="21">overlays/shadow.png</bordertexture>
						</control>
						<control type="image">
							<width>80</width>
							<height>80</height>
							<texture colordiffuse="button_focus">colors/grey.png</texture>
							<include>Animation_FocusTextureFade</include>
						</control>
						<control type="image">
							<width>80</width>
							<height>$PARAM[icon_height]</height>
							<texture fallback="DefaultFolder.png">$PARAM[icon]</texture>
							<aspectratio>keep</aspectratio>
						</control>
					</control>
				</focusedlayout>
				<content target="$PARAM[widget_target]" limit="$PARAM[item_limit]">$PARAM[content_path]</content>
				<include condition="$PARAM[additional_movie_items]" content="MovieSubmenuItems" />
				<include condition="$PARAM[additional_tvshow_items]" content="TVShowSubmenuItems" />
			</control>
		</definition>
	</include>
	<include name="HomeMenuItem">
		<param name="show_movies" />
		<param name="show_tvshows" />
		<param name="show_music" />
		<param name="show_musicvideos" />
		<param name="show_tv" />
		<param name="show_radio" />
		<param name="show_games" />
		<param name="show_addons" />
		<param name="show_pictures" />
		<param name="show_videos" />
		<param name="show_favorites" />
		<param name="show_weather" />
		<definition>
			<include condition="$PARAM[show_movies]">HomeMenuItemMovies</include>
			<include condition="$PARAM[show_tvshows]">HomeMenuItemTVShows</include>
			<include condition="$PARAM[show_music]">HomeMenuItemMusic</include>
			<include condition="$PARAM[show_musicvideos]">HomeMenuItemMusicVideos</include>
			<include condition="$PARAM[show_tv]">HomeMenuItemTV</include>
			<include condition="$PARAM[show_radio]">HomeMenuItemRadio</include>
			<include condition="$PARAM[show_games]">HomeMenuItemGames</include>
			<include condition="$PARAM[show_addons]">HomeMenuItemAddons</include>
			<include condition="$PARAM[show_pictures]">HomeMenuItemPictures</include>
			<include condition="$PARAM[show_videos]">HomeMenuItemVideos</include>
			<include condition="$PARAM[show_favorites]">HomeMenuItemFavorites</include>
			<include condition="$PARAM[show_weather]">HomeMenuItemWeather</include>
		</definition>
	</include>
	<include name="HomeMenuItemMovies">
		<item>
			<label>$LOCALIZE[342]</label>
			<onclick condition="Library.HasContent(movies) + [Skin.HasSetting(movieaction_titles) | String.IsEmpty(Skin.String(skin_version))]">ActivateWindow(Videos,library://video/movies/titles.xml/,return)</onclick>
			<!-- <onclick condition="Library.HasContent(movies) + [Skin.HasSetting(movieaction_titles) | String.IsEmpty(Skin.String(skin_version))]">ActivateWindow(Videos,videodb://movies/titles/,return)</onclick> -->
			<onclick condition="Library.HasContent(movies) + Skin.HasSetting(movieaction_root)">ActivateWindow(Videos,videodb://movies/,return)</onclick>
			<onclick condition="Library.HasContent(movies) + Skin.HasSetting(movieaction_genres)">ActivateWindow(Videos,videodb://movies/genres/,return)</onclick>
			<onclick condition="Library.HasContent(movies) + Skin.HasSetting(movieaction_years)">ActivateWindow(Videos,videodb://movies/years/,return)</onclick>
			<onclick condition="Library.HasContent(movies) + Skin.HasSetting(movieaction_actors)">ActivateWindow(Videos,videodb://movies/actors/,return)</onclick>
			<onclick condition="Library.HasContent(movies) + Skin.HasSetting(movieaction_directors)">ActivateWindow(Videos,videodb://movies/directors/,return)</onclick>
			<onclick condition="Library.HasContent(movies) + Skin.HasSetting(movieaction_studios)">ActivateWindow(Videos,videodb://movies/studios/,return)</onclick>
			<onclick condition="Library.HasContent(movies) + Skin.HasSetting(movieaction_sets)">ActivateWindow(Videos,videodb://movies/sets/,return)</onclick>
			<onclick condition="Library.HasContent(movies) + Skin.HasSetting(movieaction_countries)">ActivateWindow(Videos,library://movies/titles/,return)</onclick>
			<onclick condition="Library.HasContent(movies) + Skin.HasSetting(movieaction_tags)">ActivateWindow(Videos,videodb://movies/tags/,return)</onclick>
			<onclick condition="Library.HasContent(movies) + Skin.HasSetting(movieaction_recent)">ActivateWindow(Videos,videodb://recentlyaddedmovies/,return)</onclick>
			<onclick condition="Skin.HasSetting(movieaction_addons)">ActivateWindow(Videos,Addons,return)</onclick>
			<onclick condition="!Library.HasContent(movies) + !Skin.HasSetting(movieaction_addons)">ActivateWindow(Videos,sources://video/,return)</onclick>
			<property name="menu_id">$NUMBER[5000]</property>
			<thumb>icons/sidemenu/movies.png</thumb>
			<property name="id">movies</property>
		</item>
	</include>
	<include name="HomeMenuItemTVShows">
		<item>
			<label>$LOCALIZE[20343]</label>
			<onclick condition="Library.HasContent(tvshows) + [Skin.HasSetting(tvshowaction_titles) | String.IsEmpty(Skin.String(skin_version))]">ActivateWindow(Videos,library://video/tvshows/titles.xml/,return)</onclick>
			<!-- <onclick condition="Library.HasContent(tvshows) + [Skin.HasSetting(tvshowaction_titles) | String.IsEmpty(Skin.String(skin_version))]">ActivateWindow(Videos,videodb://tvshows/titles/,return)</onclick> -->
			<onclick condition="Library.HasContent(tvshows) + [Skin.HasSetting(tvshowaction_root)]">ActivateWindow(Videos,videodb://tvshows/,return)</onclick>
			<onclick condition="Library.HasContent(tvshows) + [Skin.HasSetting(tvshowaction_genres)]">ActivateWindow(Videos,videodb://tvshows/genres/,return)</onclick>
			<onclick condition="Library.HasContent(tvshows) + [Skin.HasSetting(tvshowaction_years)]">ActivateWindow(Videos,videodb://tvshows/years/,return)</onclick>
			<onclick condition="Library.HasContent(tvshows) + [Skin.HasSetting(tvshowaction_actors)]">ActivateWindow(Videos,videodb://tvshows/actors/,return)</onclick>
			<onclick condition="Library.HasContent(tvshows) + [Skin.HasSetting(tvshowaction_studios)]">ActivateWindow(Videos,videodb://tvshows/studios/,return)</onclick>
			<onclick condition="Library.HasContent(tvshows) + [Skin.HasSetting(tvshowaction_recent)]">ActivateWindow(Videos,videodb://recentlyaddedepisodes/,return)</onclick>
			<onclick condition="Library.HasContent(tvshows) + [Skin.HasSetting(tvshowaction_inprogress)]">ActivateWindow(Videos,videodb://inprogresstvshows/,return)</onclick>
			<onclick condition="Skin.HasSetting(tvshowaction_addons)">ActivateWindow(Videos,Addons,return)</onclick>
			<onclick condition="!Library.HasContent(tvshows) + !Skin.HasSetting(tvshowaction_addons)">ActivateWindow(Videos,sources://video/,return)</onclick>
			<property name="menu_id">$NUMBER[6000]</property>
			<thumb>icons/sidemenu/tv.png</thumb>
			<property name="id">tvshows</property>
		</item>
	</include>
	<include name="HomeMenuItemMusic">
		<item>
			<label>$LOCALIZE[2]</label>
			<onclick condition="Skin.HasSetting(musicaction_root) | String.IsEmpty(Skin.String(skin_version))">ActivateWindow(Music,root,return)</onclick>
			<onclick condition="Skin.HasSetting(musicaction_genres)">ActivateWindow(Music,musicdb://genres/,return)</onclick>
			<onclick condition="Skin.HasSetting(musicaction_artists)">ActivateWindow(Music,musicdb://artists/,return)</onclick>
			<onclick condition="Skin.HasSetting(musicaction_albums)">ActivateWindow(Music,musicdb://albums/,return)</onclick>
			<onclick condition="Skin.HasSetting(musicaction_songs)">ActivateWindow(Music,musicdb://songs/,return)</onclick>
			<onclick condition="Skin.HasSetting(musicaction_top100)">ActivateWindow(Music,musicdb://top100/,return)</onclick>
			<onclick condition="Skin.HasSetting(musicaction_top100songs)">ActivateWindow(Music,musicdb://top100/songs/,return)</onclick>
			<onclick condition="Skin.HasSetting(musicaction_top100albums)">ActivateWindow(Music,musicdb://top100/albums/,return)</onclick>
			<onclick condition="Skin.HasSetting(musicaction_recent)">ActivateWindow(Music,musicdb://recentlyaddedalbums/,return)</onclick>
			<onclick condition="Skin.HasSetting(musicaction_played)">ActivateWindow(Music,musicdb://recentlyplayedalbums/,return)</onclick>
			<onclick condition="Skin.HasSetting(musicaction_compilations)">ActivateWindow(Music,musicdb://compilations/,return)</onclick>
			<onclick condition="Skin.HasSetting(musicaction_years)">ActivateWindow(Music,musicdb://years/,return)</onclick>
			<onclick condition="Skin.HasSetting(musicaction_singles)">ActivateWindow(Music,musicdb://singles/,return)</onclick>
			<onclick condition="Skin.HasSetting(musicaction_playlists)">ActivateWindow(Music,special://musicplaylists/,return)</onclick>
			<onclick condition="Skin.HasSetting(musicaction_addons)">ActivateWindow(Music,Addons,return)</onclick>
			<property name="menu_id">$NUMBER[7000]</property>
			<thumb>icons/sidemenu/music.png</thumb>
			<property name="id">music</property>
		</item>
	</include>
	<include name="HomeMenuItemMusicVideos">
		<item>
			<label>$LOCALIZE[20389]</label>
			<property name="menu_id">$NUMBER[16000]</property>
			<onclick condition="Skin.HasSetting(mvaction_root) | String.IsEmpty(Skin.String(skin_version))">ActivateWindow(Videos,musicvideos,return)</onclick>
			<onclick condition="Skin.HasSetting(mvaction_genres)">ActivateWindow(Videos,videodb://musicvideos/genres/,return)</onclick>
			<onclick condition="Skin.HasSetting(mvaction_titles)">ActivateWindow(Videos,videodb://musicvideos/titles/,return)</onclick>
			<onclick condition="Skin.HasSetting(mvaction_years)">ActivateWindow(Videos,videodb://musicvideos/years/,return)</onclick>
			<onclick condition="Skin.HasSetting(mvaction_artists)">ActivateWindow(Videos,videodb://musicvideos/artists/,return)</onclick>
			<onclick condition="Skin.HasSetting(mvaction_albums)">ActivateWindow(Videos,videodb://musicvideos/albums/,return)</onclick>
			<onclick condition="Skin.HasSetting(mvaction_directors)">ActivateWindow(Videos,videodb://musicvideos/directors/,return)</onclick>
			<onclick condition="Skin.HasSetting(mvaction_studios)">ActivateWindow(Videos,videodb://musicvideos/studios/,return)</onclick>
			<onclick condition="Skin.HasSetting(mvaction_recent)">ActivateWindow(Videos,videodb://recentlyaddedmusicvideos/,return)</onclick>
			<thumb>icons/sidemenu/musicvideos.png</thumb>
			<property name="id">musicvideos</property>
		</item>
	</include>
	<include name="HomeMenuItemTV">
		<item>
			<label>$LOCALIZE[19020]</label>
			<property name="menu_id">$NUMBER[12000]</property>
			<onclick condition="Skin.HasSetting(tvaction_channels) | String.IsEmpty(Skin.String(skin_version))">ActivateWindow(TVChannels)</onclick>
			<onclick condition="Skin.HasSetting(tvaction_guide)">ActivateWindow(TVGuide)</onclick>
			<onclick condition="Skin.HasSetting(tvaction_recordings)">ActivateWindow(TVRecordings)</onclick>
			<onclick condition="Skin.HasSetting(tvaction_timers)">ActivateWindow(TVTimers)</onclick>
			<onclick condition="Skin.HasSetting(tvaction_rules)">ActivateWindow(TVTimerRules)</onclick>
			<thumb>icons/sidemenu/livetv.png</thumb>
			<property name="id">livetv</property>
		</item>
	</include>
	<include name="HomeMenuItemRadio">
		<item>
			<label>$LOCALIZE[19021]</label>
			<property name="menu_id">$NUMBER[13000]</property>
			<onclick condition="Skin.HasSetting(radioaction_channels) | String.IsEmpty(Skin.String(skin_version))">ActivateWindow(RadioChannels)</onclick>
			<onclick condition="Skin.HasSetting(radioaction_recordings)">ActivateWindow(RadioRecordings)</onclick>
			<onclick condition="Skin.HasSetting(radioaction_timers)">ActivateWindow(RadioTimers)</onclick>
			<onclick condition="Skin.HasSetting(radioaction_rules)">ActivateWindow(RadioTimerRules)</onclick>
			<thumb>icons/sidemenu/radio.png</thumb>
			<property name="id">radio</property>
		</item>
	</include>
	<include name="HomeMenuItemGames">
		<item>
			<label>$LOCALIZE[15016]</label>
			<onclick>ActivateWindow(games)</onclick>
			<property name="menu_id">$NUMBER[17000]</property>
			<thumb>icons/sidemenu/games.png</thumb>
			<property name="id">games</property>
		</item>
	</include>
	<include name="HomeMenuItemAddons">
		<item>
			<label>$LOCALIZE[24001]</label>
			<property name="menu_id">$NUMBER[8000]</property>
			<onclick>ActivateWindow(1100)</onclick>
			<thumb>icons/sidemenu/addons.png</thumb>
			<property name="id">addons</property>
		</item>
	</include>
	<include name="HomeMenuItemPictures">
		<item>
			<label>$LOCALIZE[1]</label>
			<onclick condition="Skin.HasSetting(picaction_root) | String.IsEmpty(Skin.String(skin_version))">ActivateWindow(Pictures)</onclick>
			<onclick condition="Skin.HasSetting(picaction_addons)">ActivateWindow(Pictures,Addons,return)</onclick>
			<property name="menu_id">$NUMBER[4000]</property>
			<thumb>icons/sidemenu/pictures.png</thumb>
			<property name="id">pictures</property>
		</item>
	</include>
	<include name="HomeMenuItemVideos">
		<item>
			<label>$LOCALIZE[3]</label>
			<onclick condition="Skin.HasSetting(videoaction_root) | String.IsEmpty(Skin.String(skin_version))">ActivateWindow(Videos,root)</onclick>
			<onclick condition="Skin.HasSetting(videoaction_addons)">ActivateWindow(Videos,Addons,return)</onclick>
			<property name="menu_id">$NUMBER[11000]</property>
			<thumb>icons/sidemenu/videos.png</thumb>
			<property name="id">video</property>
		</item>
	</include>
	<include name="HomeMenuItemFavorites">
		<item>
			<label>$LOCALIZE[10134]</label>
			<onclick>ActivateWindow(favourites)</onclick>
			<property name="menu_id">$NUMBER[14000]</property>
			<thumb>icons/sidemenu/favourites.png</thumb>
			<property name="id">favorites</property>
		</item>
	</include>
	<include name="HomeMenuItemWeather">
		<item>
			<label>$LOCALIZE[8]</label>
			<onclick condition="!String.IsEmpty(Weather.Plugin)">ActivateWindow(Weather)</onclick>
			<onclick condition="String.IsEmpty(Weather.Plugin)">ReplaceWindow(servicesettings,weather)</onclick>
			<property name="menu_id">$NUMBER[15000]</property>
			<thumb>icons/sidemenu/weather.png</thumb>
			<property name="id">weather</property>
		</item>
	</include>
	<include name="MovieSubMenuItem">
		<param name="show_inprogress" />
		<param name="show_recent" />
		<param name="show_unwatched" />
		<param name="show_random" />
		<param name="show_genres" />
		<param name="show_sets" />
		<param name="show_videoaddons" />
		<param name="list_id" />
		<definition>
			<include condition="$PARAM[show_inprogress]" content="WidgetListPoster">
				<param name="content_path" value="special://skin/playlists/inprogress_movies.xsp"/>
				<param name="widget_header" value="$LOCALIZE[31010]"/>
				<param name="widget_target" value="videos"/>
				<param name="list_id" value="$PARAM[list_id]"/>
			</include>
			<include condition="$PARAM[show_recent]" content="WidgetListPoster">
				<param name="content_path" value="special://skin/playlists/recent_unwatched_movies.xsp"/>
				<param name="widget_header" value="$LOCALIZE[20386]"/>
				<param name="widget_target" value="videos"/>
				<param name="list_id" value="$PARAM[list_id]"/>
			</include>
			<include condition="$PARAM[show_unwatched]" content="WidgetListPoster">
				<param name="content_path" value="special://skin/playlists/unwatched_movies.xsp"/>
				<param name="widget_header" value="$LOCALIZE[31007]"/>
				<param name="widget_target" value="videos"/>
				<param name="list_id" value="$PARAM[list_id]"/>
			</include>
			<include condition="$PARAM[show_random]" content="WidgetListPoster">
				<param name="content_path" value="special://skin/playlists/random_movies.xsp"/>
				<param name="widget_header" value="$LOCALIZE[31006]"/>
				<param name="widget_target" value="videos"/>
				<param name="list_id" value="$PARAM[list_id]"/>
			</include>
			<include condition="$PARAM[show_genres]" content="WidgetListCategories">
				<param name="content_path" value="videodb://movies/genres/"/>
				<param name="widget_header" value="$LOCALIZE[135]"/>
				<param name="widget_target" value="videos"/>
				<param name="icon" value="$VAR[WidgetGenreIconVar]"/>
				<param name="icon_height" value="70"/>
				<param name="list_id" value="$PARAM[list_id]"/>
			</include>
			<include condition="$PARAM[show_sets]" content="WidgetListPoster">
				<param name="content_path" value="videodb://movies/sets/"/>
				<param name="widget_header" value="$LOCALIZE[31075]"/>
				<param name="widget_target" value="videos"/>
				<param name="sortby" value="random"/>
				<param name="list_id" value="$PARAM[list_id]"/>
			</include>
			<include condition="$PARAM[show_videoaddons]" content="WidgetListSquare">
				<param name="content_path" value="addons://sources/video/"/>
				<param name="widget_header" value="$LOCALIZE[1037]"/>
				<param name="widget_target" value="videos"/>
				<param name="sortby" value="lastused"/>
				<param name="sortorder" value="descending"/>
				<param name="list_id" value="$PARAM[list_id]"/>
				<param name="fallback_icon" value="DefaultAddon.png"/>
			</include>
		</definition>
	</include>
	<include name="TVShowSubMenuItem">
		<param name="show_inprogress" />
		<param name="show_recent" />
		<param name="show_unwatched" />
		<param name="show_inprogunwatched" />
		<param name="show_genres" />
		<param name="show_studio" />
		<param name="show_videoaddons" />
		<param name="list_id" />
		<definition>
			<include condition="$PARAM[show_inprogress]" content="WidgetListPoster">
				<param name="content_path" value="videodb://inprogresstvshows"/>
				<param name="sortby" value="lastplayed"/>
				<param name="sortorder" value="descending"/>
				<param name="widget_header" value="$LOCALIZE[626]"/>
				<param name="widget_target" value="videos"/>
				<param name="list_id" value="$PARAM[list_id]"/>
			</include>
			<include condition="$PARAM[show_recent]" content="WidgetListEpisodes">
				<param name="content_path" value="special://skin/playlists/recent_unwatched_episodes.xsp"/>
				<param name="widget_header" value="$LOCALIZE[20387]"/>
				<param name="widget_target" value="videos"/>
				<param name="list_id" value="$PARAM[list_id]"/>
			</include>
			<include condition="$PARAM[show_unwatched]" content="WidgetListPoster">
				<param name="content_path" value="special://skin/playlists/unwatched_tvshows.xsp"/>
				<param name="widget_header" value="$LOCALIZE[31122]"/>
				<param name="widget_target" value="videos"/>
				<param name="list_id" value="$PARAM[list_id]"/>
			</include>
			<include condition="$PARAM[show_inprogunwatched]" content="WidgetListPoster">
				<param name="content_path" value="special://skin/playlists/unwatched_inprogress_tvshows.xsp"/>
				<param name="widget_header" value="$LOCALIZE[31122] / $LOCALIZE[626]"/>
				<param name="widget_target" value="videos"/>
				<param name="list_id" value="$PARAM[list_id]"/>
			</include>
			<include condition="$PARAM[show_genres]" content="WidgetListCategories">
				<param name="content_path" value="videodb://tvshows/genres/"/>
				<param name="widget_header" value="$LOCALIZE[135]"/>
				<param name="widget_target" value="videos"/>
				<param name="icon" value="$VAR[WidgetGenreIconVar]"/>
				<param name="icon_height" value="70"/>
				<param name="list_id" value="$PARAM[list_id]"/>
			</include>
			<include condition="$PARAM[show_studio]" content="WidgetListCategories">
				<param name="content_path" value="videodb://tvshows/studios/"/>
				<param name="widget_header" value="$LOCALIZE[20388]"/>
				<param name="widget_target" value="videos"/>
				<param name="icon" value="$VAR[WidgetStudioIconVar]"/>
				<param name="icon_height" value="70"/>
				<param name="list_id" value="6500"/>
			</include>
			<include condition="$PARAM[show_videoaddons]" content="WidgetListSquare">
				<param name="content_path" value="addons://sources/video/"/>
				<param name="widget_header" value="$LOCALIZE[1037]"/>
				<param name="widget_target" value="videos"/>
				<param name="sortby" value="lastused"/>
				<param name="sortorder" value="descending"/>
				<param name="list_id" value="$PARAM[list_id]"/>
				<param name="fallback_icon" value="DefaultAddon.png"/>
			</include>
		</definition>
	</include>
	<include name="MusicSubMenuItem">
		<param name="show_playedalbums" />
		<param name="show_addedalbums" />
		<param name="show_randomalbums" />
		<param name="show_randomartists" />
		<param name="show_unplayedalbums" />
		<param name="show_mostplayedalbums" />
		<param name="show_musicaddons" />
		<param name="list_id" />
		<definition>
			<include condition="$PARAM[show_playedalbums]" content="WidgetListSquare">
				<param name="content_path" value="musicdb://recentlyplayedalbums"/>
				<param name="widget_header" value="$LOCALIZE[517]"/>
				<param name="widget_target" value="music"/>
				<param name="list_id" value="$PARAM[list_id]"/>
				<param name="fallback_icon" value="DefaultMusicAlbums.png"/>
			</include>
			<include condition="$PARAM[show_addedalbums]" content="WidgetListSquare">
				<param name="content_path" value="musicdb://recentlyaddedalbums/"/>
				<param name="widget_header" value="$LOCALIZE[359]"/>
				<param name="widget_target" value="music"/>
				<param name="list_id" value="$PARAM[list_id]"/>
				<param name="fallback_icon" value="DefaultMusicAlbums.png"/>
			</include>
			<include condition="$PARAM[show_randomalbums]" content="WidgetListSquare">
				<param name="content_path" value="special://skin/playlists/random_albums.xsp"/>
				<param name="widget_header" value="$LOCALIZE[31012]"/>
				<param name="widget_target" value="music"/>
				<param name="list_id" value="$PARAM[list_id]"/>
				<param name="fallback_icon" value="DefaultMusicAlbums.png"/>
			</include>
			<include condition="$PARAM[show_randomartists]" content="WidgetListSquare">
				<param name="content_path" value="special://skin/playlists/random_artists.xsp"/>
				<param name="widget_header" value="$LOCALIZE[31013]"/>
				<param name="widget_target" value="music"/>
				<param name="list_id" value="$PARAM[list_id]"/>
				<param name="fallback_icon" value="DefaultMusicArtists.png"/>
			</include>
			<include condition="$PARAM[show_unplayedalbums]" content="WidgetListSquare">
				<param name="content_path" value="special://skin/playlists/unplayed_albums.xsp"/>
				<param name="widget_header" value="$LOCALIZE[31014]"/>
				<param name="widget_target" value="music"/>
				<param name="list_id" value="$PARAM[list_id]"/>
				<param name="fallback_icon" value="DefaultMusicAlbums.png"/>
			</include>
			<include condition="$PARAM[show_mostplayedalbums]" content="WidgetListSquare">
				<param name="content_path" value="special://skin/playlists/mostplayed_albums.xsp"/>
				<param name="widget_header" value="$LOCALIZE[31011]"/>
				<param name="widget_target" value="music"/>
				<param name="list_id" value="$PARAM[list_id]"/>
				<param name="fallback_icon" value="DefaultMusicAlbums.png"/>
				<param name="sortby" value="playcount"/>
				<param name="sortorder" value="descending"/>
			</include>
			<include condition="$PARAM[show_musicaddons]" content="WidgetListSquare">
				<param name="content_path" value="addons://sources/audio/"/>
				<param name="widget_header" value="$LOCALIZE[1038]"/>
				<param name="widget_target" value="music"/>
				<param name="sortby" value="lastused"/>
				<param name="sortorder" value="descending"/>
				<param name="list_id" value="$PARAM[list_id]"/>
				<param name="fallback_icon" value="DefaultAddon.png"/>
			</include>
		</definition>
	</include>
	<include name="MusicVideoSubMenuItem">
		<param name="show_recent" />
		<param name="show_unwatched" />
		<param name="show_randomartists" />
		<param name="show_randomvideos" />
		<param name="show_studios" />
		<param name="list_id" />
		<definition>
			<include content="WidgetListEpisodes" condition="$PARAM[show_recent] + !Skin.HasSetting(show_musicvideoposter)">
				<param name="content_path" value="videodb://recentlyaddedmusicvideos/"/>
				<param name="widget_header" value="$LOCALIZE[20390]"/>
				<param name="widget_target" value="videos"/>
				<param name="main_label" value="$INFO[ListItem.Label]" />
				<param name="sub_label" value="$INFO[ListItem.Artist]" />
				<param name="thumb_label" value="$INFO[ListItem.Year]" />
				<param name="fallback_image" value="DefaultMusicSongs.png" />
				<param name="list_id" value="$PARAM[list_id]"/>
			</include>
			<include content="WidgetListPoster" condition="$PARAM[show_recent] + Skin.HasSetting(show_musicvideoposter)">
				<param name="content_path" value="videodb://recentlyaddedmusicvideos/"/>
				<param name="widget_header" value="$LOCALIZE[20390]"/>
				<param name="widget_target" value="videos"/>
				<param name="fallback_image" value="DefaultMusicSongs.png" />
				<param name="list_id" value="$PARAM[list_id]"/>
			</include>
			<include content="WidgetListEpisodes" condition="$PARAM[show_unwatched] + !Skin.HasSetting(show_musicvideoposter)">
				<param name="content_path" value="special://skin/playlists/unwatched_musicvideos.xsp"/>
				<param name="widget_header" value="$LOCALIZE[31151]"/>
				<param name="widget_target" value="videos"/>
				<param name="main_label" value="$INFO[ListItem.Label]" />
				<param name="sub_label" value="$INFO[ListItem.Artist]" />
				<param name="thumb_label" value="$INFO[ListItem.Year]" />
				<param name="fallback_image" value="DefaultMusicSongs.png" />
				<param name="list_id" value="$PARAM[list_id]"/>
			</include>
			<include content="WidgetListPoster" condition="$PARAM[show_unwatched] + Skin.HasSetting(show_musicvideoposter)">
				<param name="content_path" value="special://skin/playlists/unwatched_musicvideos.xsp"/>
				<param name="widget_header" value="$LOCALIZE[31151]"/>
				<param name="widget_target" value="videos"/>
				<param name="fallback_image" value="DefaultMusicSongs.png" />
				<param name="list_id" value="$PARAM[list_id]"/>
			</include>
			<include content="WidgetListSquare" condition="$PARAM[show_randomartists]">
				<param name="content_path" value="special://skin/playlists/random_musicvideo_artists.xsp"/>
				<param name="widget_header" value="$LOCALIZE[31013]"/>
				<param name="widget_target" value="music"/>
				<param name="widget_limit" value="10"/>
				<param name="list_id" value="$PARAM[list_id]"/>
			</include>
			<include content="WidgetListEpisodes" condition="$PARAM[show_randomvideos]  + !Skin.HasSetting(show_musicvideoposter)">
				<param name="content_path" value="special://skin/playlists/random_musicvideos.xsp"/>
				<param name="widget_header" value="$LOCALIZE[31152]"/>
				<param name="widget_target" value="videos"/>
				<param name="main_label" value="$INFO[ListItem.Label]" />
				<param name="sub_label" value="$INFO[ListItem.Artist]" />
				<param name="thumb_label" value="$INFO[ListItem.Year]" />
				<param name="fallback_image" value="DefaultMusicSongs.png" />
				<param name="list_id" value="$PARAM[list_id]"/>
			</include>
			<include content="WidgetListPoster" condition="$PARAM[show_randomvideos] + Skin.HasSetting(show_musicvideoposter)">
				<param name="content_path" value="special://skin/playlists/random_musicvideos.xsp"/>
				<param name="widget_header" value="$LOCALIZE[31152]"/>
				<param name="widget_target" value="videos"/>
				<param name="fallback_image" value="DefaultMusicSongs.png" />
				<param name="list_id" value="$PARAM[list_id]"/>
			</include>
			<include content="WidgetListCategories" condition="$PARAM[show_studios]">
				<param name="content_path" value="videodb://musicvideos/studios/"/>
				<param name="widget_header" value="$LOCALIZE[20388]"/>
				<param name="widget_target" value="music"/>
				<param name="icon" value="$VAR[WidgetStudioIconVar]"/>
				<param name="icon_height" value="70"/>
				<param name="list_id" value="$PARAM[list_id]"/>
			</include>
		</definition>
	</include>
	<include name="AddonSubMenuItem">
		<param name="show_video" />
		<param name="show_music" />
		<param name="show_games" />
		<param name="show_programs" />
		<param name="show_android" />
		<param name="show_pictures" />
		<param name="list_id" />
		<definition>
			<include condition="$PARAM[show_video]" content="WidgetListSquare">
				<param name="content_path" value="addons://sources/video/"/>
				<param name="widget_header" value="$LOCALIZE[1037]"/>
				<param name="widget_target" value="videos"/>
				<param name="sortby" value="lastused"/>
				<param name="sortorder" value="descending"/>
				<param name="list_id" value="$PARAM[list_id]"/>
				<param name="fallback_icon" value="DefaultAddon.png"/>
			</include>
			<include condition="$PARAM[show_music]" content="WidgetListSquare">
				<param name="content_path" value="addons://sources/audio/"/>
				<param name="widget_header" value="$LOCALIZE[1038]"/>
				<param name="widget_target" value="music"/>
				<param name="sortby" value="lastused"/>
				<param name="sortorder" value="descending"/>
				<param name="list_id" value="$PARAM[list_id]"/>
				<param name="fallback_icon" value="DefaultAddon.png"/>
			</include>
			<include condition="$PARAM[show_games]" content="WidgetListSquare">
				<param name="content_path" value="addons://sources/game/"/>
				<param name="widget_header" value="$LOCALIZE[35049]"/>
				<param name="widget_target" value="games"/>
				<param name="sortby" value="lastused"/>
				<param name="sortorder" value="descending"/>
				<param name="list_id" value="$PARAM[list_id]"/>
				<param name="fallback_icon" value="DefaultAddonGame.png"/>
			</include>
			<include condition="$PARAM[show_programs]" content="WidgetListSquare">
				<param name="content_path" value="addons://sources/executable/"/>
				<param name="widget_header" value="$LOCALIZE[1043]"/>
				<param name="widget_target" value="programs"/>
				<param name="sortby" value="lastused"/>
				<param name="sortorder" value="descending"/>
				<param name="list_id" value="$PARAM[list_id]"/>
				<param name="fallback_icon" value="DefaultAddon.png"/>
			</include>
			<include condition="$PARAM[show_android]" content="WidgetListSquare">
				<param name="content_path" value="androidapp://sources/apps/"/>
				<param name="widget_header" value="$LOCALIZE[20244]"/>
				<param name="widget_target" value="programs"/>
				<param name="sortby" value="lastused"/>
				<param name="sortorder" value="descending"/>
				<param name="list_id" value="$PARAM[list_id]"/>
				<param name="fallback_icon" value="DefaultAddon.png"/>
			</include>
			<include condition="$PARAM[show_pictures]" content="WidgetListSquare">
				<param name="content_path" value="addons://sources/image/"/>
				<param name="widget_header" value="$LOCALIZE[1039]"/>
				<param name="widget_target" value="pictures"/>
				<param name="sortby" value="lastused"/>
				<param name="sortorder" value="descending"/>
				<param name="list_id" value="$PARAM[list_id]"/>
			</include>
		</definition>
	</include>
	<include name="TVSubMenuItem">
		<param name="show_channels" />
		<param name="show_reordings" />
		<param name="list_id" />
		<definition>
			<include content="WidgetListChannels" condition="$PARAM[show_channels]">
				<param name="content_path" value="pvr://channels/tv/*?view=lastplayed"/>
				<param name="sortby" value="lastplayed"/>
				<param name="sortorder" value="descending"/>
				<param name="widget_header" value="$LOCALIZE[31016]"/>
				<param name="widget_target" value="pvr"/>
				<param name="list_id" value="$PARAM[list_id]"/>
			</include>
			<include content="WidgetListChannels" condition="$PARAM[show_recordings]">
				<param name="content_path" value="pvr://recordings/tv/active?view=flat"/>
				<param name="sortby" value="date"/>
				<param name="sortorder" value="descending"/>
				<param name="widget_header" value="$LOCALIZE[31015]"/>
				<param name="widget_target" value="pvr"/>
				<param name="list_id" value="$PARAM[list_id]"/>
				<param name="label" value="$INFO[ListItem.ChannelName]"/>
				<param name="label2" value="$INFO[ListItem.Title]$INFO[ListItem.EpisodeName, (,)]"/>
			</include>
		</definition>
	</include>
	<include name="RadioSubMenuItem">
		<param name="show_channels" />
		<param name="show_reordings" />
		<param name="list_id" />
		<definition>
			<include content="WidgetListChannels" condition="$PARAM[show_channels]">
				<param name="content_path" value="pvr://channels/radio/*?view=lastplayed"/>
				<param name="sortby" value="lastplayed"/>
				<param name="sortorder" value="descending"/>
				<param name="widget_header" value="$LOCALIZE[31018]"/>
				<param name="widget_target" value="files"/>
				<param name="list_id" value="$PARAM[list_id]"/>
			</include>
			<include content="WidgetListChannels" condition="$PARAM[show_recordings]">
				<param name="content_path" value="pvr://recordings/radio/active?view=flat"/>
				<param name="sortby" value="date"/>
				<param name="sortorder" value="descending"/>
				<param name="widget_header" value="$LOCALIZE[31015]"/>
				<param name="widget_target" value="pvr"/>
				<param name="list_id" value="$PARAM[list_id]"/>
				<param name="label" value="$INFO[ListItem.ChannelName]"/>
				<param name="label2" value="$INFO[ListItem.Title]$INFO[ListItem.EpisodeName, (,)]"/>
			</include>
		</definition>
	</include>
	<include name="LoadDefaultConfig">
		<onload condition="String.IsEmpty(Skin.String(background_overlay)">Skin.SetString(background_overlay,1)</onload>
		<onload condition="!$EXP[HasMenuSlot1]">Skin.SetBool(slot1_show_movies)</onload>	
		<onload condition="!$EXP[HasMenuSlot2]">Skin.SetBool(slot2_show_tvshows)</onload>	
		<onload condition="!$EXP[HasMenuSlot3]">Skin.SetBool(slot3_show_music)</onload>	
		<onload condition="!$EXP[HasMenuSlot4]">Skin.SetBool(slot4_show_musicvideos)</onload>	
		<onload condition="!$EXP[HasMenuSlot5]">Skin.SetBool(slot5_show_tv)</onload>	
		<onload condition="!$EXP[HasMenuSlot6]">Skin.SetBool(slot6_show_radio)</onload>	
		<onload condition="!$EXP[HasMenuSlot7]">Skin.SetBool(slot7_show_none)</onload>	
		<onload condition="!$EXP[HasMenuSlot8]">Skin.SetBool(slot8_show_addons)</onload>	
		<onload condition="!$EXP[HasMenuSlot9]">Skin.SetBool(slot9_show_pictures)</onload>	
		<onload condition="!$EXP[HasMenuSlot10]">Skin.SetBool(slot10_show_videos)</onload>	
		<onload condition="!$EXP[HasMenuSlot11]">Skin.SetBool(slot11_show_favorites)</onload>	
		<onload condition="!$EXP[HasMenuSlot12]">Skin.SetBool(slot12_show_weather)</onload>
		<onload condition="!$EXP[HasMovieCategories]">Skin.SetBool(movie_categories_standard)</onload>
		<onload condition="!$EXP[HasTVShowCategories]">Skin.SetBool(tvshow_categories_standard)</onload>
		<onload condition="!$EXP[HasMusicCategories]">Skin.SetBool(music_categories_standard)</onload>
		<onload condition="!$EXP[HasMusicVideoCategories]">Skin.SetBool(musicvideos_categories_standard)</onload>
		<onload condition="!$EXP[HasTVCategories]">Skin.SetBool(tv_categories_standard)</onload>
		<onload condition="!$EXP[HasRadioCategories]">Skin.SetBool(radio_categories_standard)</onload>
		<onload condition="!$EXP[HasAddonCategories]">Skin.SetBool(addon_categories_standard)</onload>
		<onload condition="!$EXP[HasPictureCategories]">Skin.SetBool(picture_categories_standard)</onload>
		<onload condition="!$EXP[HasMovieAction]">Skin.SetBool(movieaction_titles)</onload>
		<onload condition="!$EXP[HasTVShowAction]">Skin.SetBool(tvshowaction_titles)</onload>
		<onload condition="!$EXP[HasMusicAction]">Skin.SetBool(musicaction_root)</onload>
		<onload condition="!$EXP[HasMusicVideoAction]">Skin.SetBool(mvaction_root)</onload>
		<onload condition="!$EXP[HasTVAction]">Skin.SetBool(tvaction_channels)</onload>
		<onload condition="!$EXP[HasRadioAction]">Skin.SetBool(radioaction_channels)</onload>
		<onload condition="!$EXP[HasVideoAction]">Skin.SetBool(videoaction_root)</onload>
		<onload condition="!$EXP[HasPictureAction]">Skin.SetBool(picaction_root)</onload>
		<onload condition="!$EXP[HasMovieSlot1]">Skin.SetBool(movieslot1_show_inprogress)</onload>	
		<onload condition="!$EXP[HasMovieSlot2]">Skin.SetBool(movieslot2_show_recent)</onload>	
		<onload condition="!$EXP[HasMovieSlot3]">Skin.SetBool(movieslot3_show_unwatched)</onload>	
		<onload condition="!$EXP[HasMovieSlot4]">Skin.SetBool(movieslot4_show_random)</onload>	
		<onload condition="!$EXP[HasMovieSlot5]">Skin.SetBool(movieslot5_show_genres)</onload>	
		<onload condition="!$EXP[HasMovieSlot6]">Skin.SetBool(movieslot6_show_sets)</onload>	
		<onload condition="!$EXP[HasTVShowSlot1]">Skin.SetBool(tvshowslot1_show_inprogress)</onload>	
		<onload condition="!$EXP[HasTVShowSlot2]">Skin.SetBool(tvshowslot2_show_recent)</onload>	
		<onload condition="!$EXP[HasTVShowSlot3]">Skin.SetBool(tvshowslot3_show_unwatched)</onload>	
		<onload condition="!$EXP[HasTVShowSlot4]">Skin.SetBool(tvshowslot4_show_genres)</onload>	
		<onload condition="!$EXP[HasTVShowSlot5]">Skin.SetBool(tvshowslot5_show_studio)</onload>	
		<onload condition="!$EXP[HasMusicSlot1]">Skin.SetBool(musicslot1_show_playedalbums)</onload>	
		<onload condition="!$EXP[HasMusicSlot2]">Skin.SetBool(musicslot2_show_addedalbums)</onload>	
		<onload condition="!$EXP[HasMusicSlot3]">Skin.SetBool(musicslot3_show_randomalbums)</onload>	
		<onload condition="!$EXP[HasMusicSlot4]">Skin.SetBool(musicslot4_show_randomartists)</onload>	
		<onload condition="!$EXP[HasMusicSlot5]">Skin.SetBool(musicslot5_show_unplayedalbums)</onload>	
		<onload condition="!$EXP[HasMusicSlot6]">Skin.SetBool(musicslot6_show_mostplayedalbums)</onload>	
		<onload condition="!$EXP[HasMusicVideoSlot1]">Skin.SetBool(mvslot1_show_recent)</onload>	
		<onload condition="!$EXP[HasMusicVideoSlot2]">Skin.SetBool(mvslot2_show_unwatched)</onload>	
		<onload condition="!$EXP[HasMusicVideoSlot3]">Skin.SetBool(mvslot3_show_randomartists)</onload>	
		<onload condition="!$EXP[HasMusicVideoSlot4]">Skin.SetBool(mvslot4_show_randomvideos)</onload>	
		<onload condition="!$EXP[HasMusicVideoSlot5]">Skin.SetBool(mvslot5_show_studios)</onload>	
		<onload condition="!$EXP[HasTVSlot1]">Skin.SetBool(tvslot1_show_channels)</onload>	
		<onload condition="!$EXP[HasTVSlot2]">Skin.SetBool(tvslot2_show_recordings)</onload>
		<onload condition="!$EXP[HasRadioSlot1]">Skin.SetBool(radioslot1_show_channels)</onload>	
		<onload condition="!$EXP[HasRadioSlot2]">Skin.SetBool(radioslot2_show_recordings)</onload>
		<onload condition="!$EXP[HasAddonSlot1]">Skin.SetBool(addonslot1_show_video)</onload>	
		<onload condition="!$EXP[HasAddonSlot2]">Skin.SetBool(addonslot2_show_music)</onload>	
		<onload condition="!$EXP[HasAddonSlot3]">Skin.SetBool(addonslot3_show_none)</onload>	
		<onload condition="!$EXP[HasAddonSlot4]">Skin.SetBool(addonslot4_show_programs)</onload>	
		<onload condition="!$EXP[HasAddonSlot5] + System.Platform.Android">Skin.SetBool(addonslot5_show_android)</onload>	
		<onload condition="!$EXP[HasAddonSlot5] + !System.Platform.Android">Skin.SetBool(addonslot5_show_none)</onload>	
		<onload condition="!$EXP[HasAddonSlot6]">Skin.SetBool(addonslot6_show_pictures)</onload>
		<onload>Skin.SetString(skin_version,1.0.1)</onload>
	</include>
</includes>