<?xml version="1.0" encoding="UTF-8" standalone="yes"?>
<addons>
	<addon id="repository.skins.szeryff" name="Szeryff's Skin Modifications" version="1.0.1" provider-name="Szeryff">
		<requires>
			<import addon="xbmc.gui" version="5.15.0"/>
		</requires>
		<extension point="xbmc.gui.skin" debugging="false">
			<res width="1920" height="1440" aspect="4:3" default="false" folder="xml" />
			<res width="1920" height="1280" aspect="3:2" default="false" folder="xml" />
			<res width="1920" height="1200" aspect="16:10" default="false" folder="xml" />
			<res width="2040" height="1080" aspect="17:9" default="false" folder="xml" />
			<res width="1920" height="1080" aspect="16:9" default="true" folder="xml" />
			<res width="2560" height="1080" aspect="21:9" default="false" folder="xml" />
			<res width="2338" height="1080" aspect="19.5:9" default="false" folder="xml" />
			<res width="2160" height="1080" aspect="18:9" default="false" folder="xml" />
		</extension>
		<extension point="xbmc.addon.metadata">
			<summary lang="en">Install skin modifications by Szeryff</summary>
			<description lang="en">Download and install skin modifications from Szeryff.</description>
			<disclaimer lang="en">These skin mods are only lightly supported.</disclaimer>
			<platform>all</platform>
			<assets>
				<icon>resources/icon.png</icon>
				<fanart>resources/fanart.jpg</fanart>
			</assets>
		</extension>
	</addon>
</addons>